handle,name,tweet_id,author_id,lang,replied_to,created_at,tweet_text,possibly_sensitive,conversation_id,retweet_count,reply_count,like_count,quote_count
RepEllzey,Rep. Jake Ellzey,1600897375744438273,1366523868253458437,en,1600897375744438273,2022-12-08T16:57:32.000Z,"This morning I joined my fellow Republicans in calling for Congress to declare the cartels a clear and present danger to the United States and deal with them according. Come January, it‚Äôs time to take back our southern border.

@RepArrington https://t.co/4DBSUZphbN",False,1600897375744438273,1,5,5,0
RepEllzey,Rep. Jake Ellzey,1600696513390612480,1366523868253458437,en,1600696513390612480,2022-12-08T03:39:22.000Z,Had some VIPs stop by the office today. https://t.co/ccjrPDUVKx,False,1600696513390612480,2,0,0,0
RepEllzey,Rep. Jake Ellzey,1598796288262381571,1366523868253458437,en,1598796288262381571,2022-12-02T21:48:33.000Z,"Hey everyone, let‚Äôs take a walk. 

https://t.co/tdw5bFpOl1",False,1598796288262381571,0,12,12,0
RepEllzey,Rep. Jake Ellzey,1598431011339108354,1366523868253458437,en,1598431011339108354,2022-12-01T21:37:05.000Z,"Thank you, @JohnCornyn, for helping honor the late Congressman Ron Wright. Ron, thank you for all that you did for Texas. https://t.co/bPCkwQRD7E",False,1598431011339108354,16,11,11,4
RepEllzey,Rep. Jake Ellzey,1595552228546338824,1366523868253458437,en,1595552228546338824,2022-11-23T22:57:49.000Z,"Thanksgiving is a time for all of us to count our many blessings. A big thanks to my staff, who spent their afternoon giving meals to homeless veterans. https://t.co/6Uuq9cFAYj",False,1595552228546338824,1,10,10,0
RepEllzey,Rep. Jake Ellzey,1595171741424357384,1366523868253458437,en,1595171741424357384,2022-11-22T21:45:54.000Z,I join in support of @GOPLeader and my friend @RepTonyGonzales. We must secure our border. https://t.co/WVDF2ZIpRL,False,1595171741424357384,72,162,162,11
RepEllzey,Rep. Jake Ellzey,1595115037131427840,1366523868253458437,en,1595115037131427840,2022-11-22T18:00:35.000Z,"Yesterday, I met with a group of 4-H young men and women and their families and heard about their many accomplishments. This outstanding program teaches leadership skills, public speaking, and responsibility. These might be our agriculture experts in the future. https://t.co/0YgcrvtPNE",False,1595115037131427840,1,3,3,1
RepEllzey,Rep. Jake Ellzey,1593031517101752321,1366523868253458437,en,1593031517101752321,2022-11-17T00:01:25.000Z,"RT @GOPLeader: üö® BREAKING üö® Republicans have officially flipped the People's House! Americans are ready for a new direction, and House Repu‚Ä¶",False,1593031517101752321,1115,0,0,0
RepEllzey,Rep. Jake Ellzey,1590483401685229569,1366523868253458437,en,1590483401685229569,2022-11-09T23:16:07.000Z,Join me for a live telephone town hall I‚Äôm hosting tomorrow with State Representatives @CodyforTexas and @DavidCookTexas! https://t.co/pVhBLkDB9s,False,1590483401685229569,3,20,20,1
RepEllzey,Rep. Jake Ellzey,1588561603985014788,1366523868253458437,en,1588561603985014788,2022-11-04T15:59:35.000Z,RT @GOPLeader: 300 Americans will die today from fentanyl flowing across our open border. The same thing will happen tomorrow. It's the equ‚Ä¶,False,1588561603985014788,540,0,0,0
RepEllzey,Rep. Jake Ellzey,1586118100919136256,1366523868253458437,en,1586118100919136256,2022-10-28T22:09:58.000Z,"Today is National First Responders Day. Thank you to all of our brave men and women that put their lives on the line to protect us each and every day. 

My God Bless our first responders! https://t.co/YVG5FuULm8",False,1586118100919136256,1,21,21,0
RepEllzey,Rep. Jake Ellzey,1585705656887431168,1366523868253458437,en,1585705656887431168,2022-10-27T18:51:04.000Z,RT @RepPfluger: Thank you to colleagues and fellow former aviators in the MACH 1 caucus for joining me in demanding answers and accountabil‚Ä¶,False,1585705656887431168,3,0,0,0
RepEllzey,Rep. Jake Ellzey,1585368747946434560,1366523868253458437,en,1585368747946434560,2022-10-26T20:32:18.000Z,"Thank you, @MansfieldFireTX and @Station51Fire, for inviting me to tour your stations today. Next time I am coming for dinner! https://t.co/2hlrTdSKC2",False,1585368747946434560,0,18,18,1
RepEllzey,Rep. Jake Ellzey,1582821607491653632,1366523868253458437,en,1582821607491653632,2022-10-19T19:50:53.000Z,"RT @RepJeffDuncan: Proud to join HEAT leaders Whip @SteveScalise, @RepMullin, and over 100 of my colleagues to urge @POTUS to announce a ne‚Ä¶",False,1582821607491653632,23,0,0,0
RepEllzey,Rep. Jake Ellzey,1582767832785649664,1366523868253458437,en,1582767832785649664,2022-10-19T16:17:12.000Z,"The ingenuity and resourcefulness of children know no bounds. ÔøºLast year, for a school project, Madelyn Dodds came up with the idea for strawberry lemonade ice cream. Thank you, Madelyn and Midlothian ISD, for joining me yesterday! https://t.co/DlLLTqWU85",False,1582767832785649664,1,0,0,0
RepEllzey,Rep. Jake Ellzey,1580985332937678850,1366523868253458437,en,1580985332937678850,2022-10-14T18:14:11.000Z,"Thank you to the @RaceTrac in Waxahachie for my first day on the job. For all of you wondering how many pepperonis are on RaceTrac pizza, there are exactly 42. 

If this Congress thing does not work out, you may see me there more often! https://t.co/DPwOIVZAZr",False,1580985332937678850,1,2,2,0
RepEllzey,Rep. Jake Ellzey,1580647975998885888,1366523868253458437,en,1580647975998885888,2022-10-13T19:53:39.000Z,"It was a pleasure to visit the @GrandPrairiePD. What these brave men and women do each day is of the utmost importance and it is my privilege to support them. 

They also may have taught me a thing or two. https://t.co/CirA1anPBp",False,1580647975998885888,1,3,3,0
RepEllzey,Rep. Jake Ellzey,1578549440201523201,1366523868253458437,en,1578549440201523201,2022-10-08T00:54:49.000Z,"Ellis County is growing. With that comes new partners for our community. Thank you, @sunrider, for giving me a tour of your facility in Midlothian. I look forward to coming back! https://t.co/aEhfLygUcB",False,1578549440201523201,0,0,0,0
RepEllzey,Rep. Jake Ellzey,1578130532227055644,1366523868253458437,en,1578130532227055644,2022-10-06T21:10:13.000Z,"This week marked the grand opening of @Freshpet‚Äôs newest facility here in Ellis County. Welcome to Ennis, Texas; we‚Äôre glad you‚Äôre here! https://t.co/k2FH4zv6p7",False,1578130532227055644,0,1,1,0
RepEllzey,Rep. Jake Ellzey,1573032892833447938,1366523868253458437,en,1573032892833447938,2022-09-22T19:34:01.000Z,"It‚Äôs time to accomplish the mission. Let‚Äôs ensure we have: 

‚òëÔ∏è An Economy That‚Äôs Strong
‚òëÔ∏è A Nation That‚Äôs Safe
‚òëÔ∏è A Future That‚Äôs Built on Freedom
‚òëÔ∏è A Government That‚Äôs Accountable

This is our Commitment to America. https://t.co/uypC8ib9HL",False,1573032892833447938,2,7,7,0
RepEllzey,Rep. Jake Ellzey,1570540185749979137,1366523868253458437,en,1570540185749979137,2022-09-15T22:28:54.000Z,"In today's Veterans' Affairs Committee hearing, it was made clear by the Under Secretary for Health at the VA that this administration is willing to break federal law to push its agenda.

https://t.co/xxMzyJSS1e",False,1570540185749979137,9,5,5,0
RepEllzey,Rep. Jake Ellzey,1569790860845371392,1366523868253458437,en,1569790860845371392,2022-09-13T20:51:21.000Z,"After a break back in the district, Congress is back in session. To start the week, I visited my Alma mater and met some of the outstanding students from our district. https://t.co/jK3JHvz5Hf",False,1569790860845371392,0,2,2,0
RepEllzey,Rep. Jake Ellzey,1567949429373632512,1366523868253458437,en,1567949429373632512,2022-09-08T18:54:09.000Z,"The world lost a woman that dedicated her entire life in service to her people. Her Majesty Queen Elizabeth II saw her country through many hardships, trials, and conflicts. 

Shelby and I send our thoughts and prayers to the Royal Family and the people of the United Kingdom.",False,1567949429373632512,3,1,1,0
RepEllzey,Rep. Jake Ellzey,1567888816794386432,1366523868253458437,en,1567888816794386432,2022-09-08T14:53:18.000Z,Last night I met the next generation of leaders. These brave young men and women took their first step in applying to attend one of our nation's service academies! https://t.co/VrNu0Z2Wly,False,1567888816794386432,1,4,4,0
RepEllzey,Rep. Jake Ellzey,1567608851112894465,1366523868253458437,en,1567608851112894465,2022-09-07T20:20:49.000Z,I had a great time speaking at the @MidloChamber lunch today. Thank you to everyone who came out! https://t.co/FbcRt8aWyf,False,1567608851112894465,0,1,1,0
RepEllzey,Rep. Jake Ellzey,1562517199507533827,1366523868253458437,en,1562517199507533827,2022-08-24T19:08:25.000Z,"Student loan ‚Äúforgiveness‚Äù by the Biden Administration does not mean forgiveness. 

It means that every hardworking American who either does not have student loans or has worked hard to pay them off now owes the government $300 billion dollars.",False,1562517199507533827,7,9,9,1
RepEllzey,Rep. Jake Ellzey,1560303141131694080,1366523868253458437,en,1560303141131694080,2022-08-18T16:30:32.000Z,"Under the guise of ‚Äúrestoring‚Äù the IRS, The Biden Admin wanted 75.2billion in mandatory spending over the next decade. The Treasury Department estimated that that funding would cover about 87,000 employees. 

The Manchin deal delivered. As of Tuesday, they‚Äôre ready to hire.",False,1560303141131694080,2,6,6,0
RepEllzey,Rep. Jake Ellzey,1559621561413357568,1366523868253458437,en,1559621561413357568,2022-08-16T19:22:11.000Z,"Thank you, @TAFoodBank, for all that you do! You have an outstanding operation! I‚Äôll be back soon! https://t.co/ijhkfgOs3K",False,1559621561413357568,0,3,3,0
RepEllzey,Rep. Jake Ellzey,1559192876176883715,1366523868253458437,en,1559192876176883715,2022-08-15T14:58:44.000Z,"Today, @SteveScalise and I look back at the Biden Administration surrendering unconditionally and agreeing to the Taliban's arbitrary withdrawal timeline rather than ensuring Americans' safety. https://t.co/7sGYQANzi6",False,1559192876176883715,65,198,198,5
RepEllzey,Rep. Jake Ellzey,1558223801980157953,1366523868253458437,en,1558223801980157953,2022-08-12T22:47:59.000Z,Let‚Äôs take a walk and talk about what‚Äôs happening in Washington today. https://t.co/WZIHrg8ZM6,False,1558223801980157953,2,2,2,0
RepEllzey,Rep. Jake Ellzey,1558223050902016005,1366523868253458437,zxx,1558223050902016005,2022-08-12T22:45:00.000Z,https://t.co/em0efPks7U,False,1558223050902016005,1,5,5,0
RepEllzey,Rep. Jake Ellzey,1557772945694539777,1366523868253458437,en,1557772945694539777,2022-08-11T16:56:26.000Z,"Whenever I am back in the district, I always make a point to visit with our farmers. They do not get enough credit for all that they do for us. Thank you all for taking the time to talk with me. https://t.co/lqISPw7DFp",False,1557772945694539777,1,4,4,0
RepEllzey,Rep. Jake Ellzey,1557365075668881408,1366523868253458437,en,1557365075668881408,2022-08-10T13:55:43.000Z,RT @GOPLeader: Attorney General Garland: preserve your documents and clear your calendar. https://t.co/dStAjnwbAT,False,1557365075668881408,16771,0,0,0
RepEllzey,Rep. Jake Ellzey,1557088373969489926,1366523868253458437,en,1557088373969489926,2022-08-09T19:36:12.000Z,"The FBI actions yesterday are yet another example of government overreach. And now, the Democrats want to hire 87,000 more IRS agents.

When we take back the House, we can restore oversight and accountability on the actions of unelected bureaucrats.",False,1557088373969489926,2,9,9,0
RepEllzey,Rep. Jake Ellzey,1555973468717465600,1366523868253458437,en,1555973468717465600,2022-08-06T17:45:58.000Z,I had a great time at Home Dept in Waxahachie yesterday. You have a great team! It was one of the only times I walked out of the store without buying anything. https://t.co/7ziGbRKO3k,False,1555973468717465600,0,3,3,1
RepEllzey,Rep. Jake Ellzey,1554950254893703170,1366523868253458437,en,1554950254893703170,2022-08-03T22:00:05.000Z,"Shelby and I send our thoughts and prayers to the families and loved ones of Representative Jackie Walorski and her staffers, Zachery Potts and Emma Thomson who were tragically killed in a car crash earlier today.",False,1554950254893703170,3,2,2,0
RepEllzey,Rep. Jake Ellzey,1554203002533183488,1366523868253458437,en,1554203002533183488,2022-08-01T20:30:46.000Z,It‚Äôs great to be home talking to the realtors and KBEC in Ellis county! https://t.co/M405YWWvo9,False,1554203002533183488,0,3,3,0
RepEllzey,Rep. Jake Ellzey,1554147477049294849,1366523868253458437,zxx,1554147477049294849,2022-08-01T16:50:07.000Z,https://t.co/L0rQhe6cEI,False,1554147319964205056,0,1,1,0
RepEllzey,Rep. Jake Ellzey,1554147319964205056,1366523868253458437,en,1554147319964205056,2022-08-01T16:49:30.000Z,"Last week the Republicans won the @CongFBGame 10-0! Glad to be a part of the team!
@CSPAN https://t.co/Yyg9UqtUDi",False,1554147319964205056,0,2,2,0
RepEllzey,Rep. Jake Ellzey,1552727080302944257,1366523868253458437,en,1552727080302944257,2022-07-28T18:45:58.000Z,"On Monday, I joined many of my Republican colleagues at Eagle Pass on our southern border. What I witnessed is nothing short of a human catastrophe. Alejandro Mayorkas, if you say that the border is under control, you're doing it on purpose, or you're lying to us. https://t.co/D4IEhNlcUr",False,1552727080302944257,2,8,8,0
RepEllzey,Rep. Jake Ellzey,1552697292347838464,1366523868253458437,en,1552697292347838464,2022-07-28T16:47:36.000Z,"Today, I have the privilege of participating in the Congressional Baseball game. Since 1909, Members of Congress have played in this game and put politics aside to help raise money for charity. https://t.co/sGhxEDjrcF",False,1552697292347838464,1,2,2,0
RepEllzey,Rep. Jake Ellzey,1552320598503718912,1366523868253458437,en,1552320598503718912,2022-07-27T15:50:46.000Z,Yesterday I had the opportunity to visit Arlington Cemetery. Visiting these grounds is a humbling experience. Here we lay to rest thousands of brave service members.  Both to honor their sacrifices and to remind us what all we have given to enjoy the freedoms we have today. https://t.co/wXs8gPVrls,False,1552320598503718912,3,7,7,1
RepEllzey,Rep. Jake Ellzey,1549475236613079040,1366523868253458437,en,1549475236613079040,2022-07-19T19:24:18.000Z,"Today, I filed the Federal Mask Mandate Limitations Act. It's time for Congress to regain its constitutional powers and ensure that elected representatives, not unelected bureaucrats, are making laws. https://t.co/6jAvpFWHGL",False,1549475236613079040,1,4,4,3
RepEllzey,Rep. Jake Ellzey,1548134122597412864,1366523868253458437,en,1548134122597412864,2022-07-16T02:35:12.000Z,"Today, I joined @repArrington for a press conference on the state of our southern border. In 1 year, we have lost 105,000 Americans to fentanyl that the cartels have brought over. If they were soldiers on the battlefield, we would be at war, and we would be losing. https://t.co/97NqQgvJK3",False,1548134122597412864,6,14,14,0
RepEllzey,Rep. Jake Ellzey,1547349614558322692,1366523868253458437,en,1547349614558322692,2022-07-13T22:37:51.000Z,RT @TarletonPrez: We are thankful for the support of our federal legislators. @TarletonState plays a critical role in helping advance the e‚Ä¶,False,1547349614558322692,5,0,0,0
RepEllzey,Rep. Jake Ellzey,1544399201198641152,1366523868253458437,en,1544399201198641152,2022-07-05T19:13:57.000Z,"Thank you for hosting me Chief, you‚Äôre not a half bad shot yourself! https://t.co/tCeeSK0HgB",False,1544399201198641152,1,7,7,0
RepEllzey,Rep. Jake Ellzey,1541886618809909248,1366523868253458437,en,1541886618809909248,2022-06-28T20:49:51.000Z,"I spent this morning with farmers from Ellis and Navarro Counties. We need our farmers now more than ever. I want to say thank you to all the farmers in the United States. You have a hard job, and I appreciate you. https://t.co/kW7f1lXvvu",False,1541886618809909248,1,2,2,1
RepEllzey,Rep. Jake Ellzey,1541612510385692672,1366523868253458437,en,1541612510385692672,2022-06-28T02:40:38.000Z,"Thank you, @BellFlight and @DFWAirport, for hosting me today. As it turns out, I can still fly! https://t.co/QlfPv0osW6",False,1541612510385692672,0,3,3,0
RepEllzey,Rep. Jake Ellzey,1540355363232415744,1366523868253458437,en,1540355363232415744,2022-06-24T15:25:11.000Z,"Today, life wins. https://t.co/dH0ErTWISI",False,1540355363232415744,24,20,20,1
RepEllzey,Rep. Jake Ellzey,1540080519614009346,1366523868253458437,en,1540080519614009346,2022-06-23T21:13:03.000Z,RT @HudsonInstitute: WATCH NOW: @RepEllzey discusses the foreign policy events that have defined the Biden administration as well as the na‚Ä¶,False,1540080519614009346,4,0,0,0
RepEllzey,Rep. Jake Ellzey,1537862070393266183,1366523868253458437,en,1537862070393266183,2022-06-17T18:17:44.000Z,"Over the two years, Texans have spent over $3 billion dollars to secure our border. Per the Constitution, that is a federal function, and we owe Texans every penny they have paid. 

I am proud to stand with my fellow colleagues in filling the Lone Star Reimbursement Act. https://t.co/AH2zYbdXtT",False,1537862070393266183,3,3,3,0
RepEllzey,Rep. Jake Ellzey,1537856745246187520,1366523868253458437,en,1537856745246187520,2022-06-17T17:56:34.000Z,"RT @HouseVetAffairs: The importance of a successful transition cannot be understated for servicemembers + their families.

This week, RM @R‚Ä¶",False,1537856745246187520,5,0,0,0
RepEllzey,Rep. Jake Ellzey,1537491634287529985,1366523868253458437,en,1537491634287529985,2022-06-16T17:45:45.000Z,I started my day by calling some of the folks whose questions I could not get to during Monday‚Äôs Telephone Town Hall. Thank you for the thoughtful and respectful discussions. https://t.co/V8ryQ14Ut8,False,1537491634287529985,0,2,2,0
RepEllzey,Rep. Jake Ellzey,1537224325547233280,1366523868253458437,en,1537224325547233280,2022-06-16T00:03:34.000Z,RT @AmchamIndia: Thanks Congressman Ellzey @RepEllzey for meeting us and supporting the #USIndiaPartnership üá∫üá∏ üáÆüá≥ #DoorKnockDC #USIndiaEcon‚Ä¶,False,1537224325547233280,2,0,0,0
RepEllzey,Rep. Jake Ellzey,1536762145102340100,1366523868253458437,en,1536762145102340100,2022-06-14T17:27:01.000Z,"The American Flag is the fabric of our nation, and today, we celebrate the adoption of that Flag. Since the Second Continental Congress passed a resolution in 1777, our Flag has become the symbol of freedom and democracy worldwide. https://t.co/N9wSxp7GiA",False,1536762145102340100,1,2,2,0
RepEllzey,Rep. Jake Ellzey,1536706153874333697,1366523868253458437,en,1536706153874333697,2022-06-14T13:44:32.000Z,"Thank you, @DavidCookTexas, and the 4,000 people back home, for joining me in the telephone town hall last night. If you were unable to call in, or if you did and we could not get to your question, please reach out to my office. I am more than happy to answer! https://t.co/jmZ26xaEJb",False,1536706153874333697,0,4,4,1
RepEllzey,Rep. Jake Ellzey,1535809629187297280,1366523868253458437,en,1535809629187297280,2022-06-12T02:22:04.000Z,"Let‚Äôs take a walk and talk about what‚Äôs going on in our nation.

https://t.co/uXbX4kHrFG",False,1535809629187297280,1,3,3,0
RepEllzey,Rep. Jake Ellzey,1534978797442895872,1366523868253458437,en,1534978797442895872,2022-06-09T19:20:38.000Z,"On Tuesday, I had the opportunity to speak at the American Foundry Society breakfast in Washington. Thank you, Eric Meyers, for introducing me! https://t.co/EtT8MtVyvJ",False,1534978797442895872,1,0,0,0
RepEllzey,Rep. Jake Ellzey,1532400731852087298,1366523868253458437,en,1532400731852087298,2022-06-02T16:36:19.000Z,"It was a great day to be in Ennis, Texas, yesterday. I spent the morning visiting with Mayor Angeline Juenemann, City Manager Marty Nelson, and Commissioner Lane Grayson, then finished the day touring the new Freshpet facility. https://t.co/ATK2IMNdJ4",False,1532400731852087298,0,7,7,1
RepEllzey,Rep. Jake Ellzey,1531302897895587841,1366523868253458437,en,1531302897895587841,2022-05-30T15:53:55.000Z,"Clark, you are, and always will be, remembered. https://t.co/OyJ5IT9u8u",False,1531302897895587841,13,33,33,2
RepEllzey,Rep. Jake Ellzey,1528846510049353728,1366523868253458437,en,1528846510049353728,2022-05-23T21:13:07.000Z,"Thank you, @OldcastleInfra, for hosting me at your plant this morning! https://t.co/smgAcFZ065",False,1528846510049353728,1,3,3,0
RepEllzey,Rep. Jake Ellzey,1527772681227096065,1366523868253458437,en,1527772681227096065,2022-05-20T22:06:06.000Z,"RT @GregAbbott_TX: BREAKING: Federal Court stops Biden from ending Title 42.

The court granted a nationwide injunction to keep Title 42 in‚Ä¶",False,1527772681227096065,4124,0,0,0
RepEllzey,Rep. Jake Ellzey,1526604900116967425,1366523868253458437,en,1526604900116967425,2022-05-17T16:45:45.000Z,I am proud to join @RepKevinBrady in defending the private property rights of Texans. https://t.co/NPqmFu7dEY,False,1526604900116967425,2,3,3,0
RepEllzey,Rep. Jake Ellzey,1525529691335139331,1366523868253458437,en,1525529691335139331,2022-05-14T17:33:16.000Z,"Let‚Äôs take a walk and talk about what happened this week in Washington. 

https://t.co/VoedXV7PBx",False,1525529691335139331,0,3,3,0
RepEllzey,Rep. Jake Ellzey,1524844357278388233,1366523868253458437,en,1524844357278388233,2022-05-12T20:09:59.000Z,"This morning I joined @GOPLeader and many of my Republican colleagues in the 2nd annual Back The Blue Bike Tour with the police. 

Our law enforcement plays a pivotal role in our society, and I am proud to honor them during #PoliceWeek. https://t.co/joNgjRa5g5",False,1524844357278388233,1,0,0,0
RepEllzey,Rep. Jake Ellzey,1524420600814522369,1366523868253458437,en,1524420600814522369,2022-05-11T16:06:08.000Z,Thank you for hosting me @LyondellBasell. Keep up the good work! https://t.co/jaP3Rfg3to,False,1524420600814522369,1,7,7,0
RepEllzey,Rep. Jake Ellzey,1524140121234235392,1366523868253458437,en,1524140121234235392,2022-05-10T21:31:36.000Z,"RT @GOPLeader: üö® BREAKING ‚Üí House Republicans just introduced legislation to terminate President Biden's Ministry of Truth.
 
It is an egre‚Ä¶",False,1524140121234235392,2498,0,0,0
RepEllzey,Rep. Jake Ellzey,1522321109529636864,1366523868253458437,en,1522321109529636864,2022-05-05T21:03:30.000Z,"Thank you, @CodyforTexas, and the 4,000 people of Texas' 6th Congressional District, for joining me in the telephone town hall last night. If you were unable to call in, or if you did and we could not get to your question, please reach out to my office. https://t.co/Ql2SypaHI5",False,1522321109529636864,1,6,6,0
RepEllzey,Rep. Jake Ellzey,1522309659624984577,1366523868253458437,en,1522309659624984577,2022-05-05T20:18:00.000Z,"I am continuously impressed with the level of professionalism, respect, and genuine love of their jobs and community that I see from the law enforcement officers in our district. Thank you, Chief Aaron and the @MansfieldCops, for hosting me. https://t.co/fpUZBui1c2",False,1522309659624984577,1,0,0,0
RepEllzey,Rep. Jake Ellzey,1521615959974461440,1366523868253458437,en,1521615959974461440,2022-05-03T22:21:29.000Z,Thank you to everyone who came by the Waxahachie office today! https://t.co/cznKG5inxT,False,1521615959974461440,0,4,4,0
RepEllzey,Rep. Jake Ellzey,1520504125242458115,1366523868253458437,en,1520504125242458115,2022-04-30T20:43:27.000Z,Let‚Äôs take a walk. https://t.co/1dL9arwfpi,False,1520504125242458115,2,3,3,0
RepEllzey,Rep. Jake Ellzey,1519757456267694080,1366523868253458437,en,1519757456267694080,2022-04-28T19:16:27.000Z,The last thing our farmers need is a burdensome tax plan that hinders their ability to make a profit. That's why I joined 28 of my colleagues in sending a letter to President Biden opposing his Farm Killer Tax. https://t.co/uDZIvRUOXY,False,1519757456267694080,1,4,4,0
RepEllzey,Rep. Jake Ellzey,1517653021936734208,1366523868253458437,en,1517653021936734208,2022-04-22T23:54:11.000Z,"Thank you,@VistraCorp, for hosting me and my Texas colleagues,@michaelcburgess, @RepBethVanDuyne, @TXRandy14, and @RepRWilliams, at your offices today. https://t.co/GD6HwrCmco",False,1517653021936734208,3,7,7,0
RepEllzey,Rep. Jake Ellzey,1516920446712795137,1366523868253458437,en,1516920446712795137,2022-04-20T23:23:12.000Z,Thank you to everyone who came by the Corsicana office today! Getting to speak directly with you is a crucial part of me doing my job in Washington. I look forward to more Coffee with your Congressman events in the coming months! https://t.co/nj3dJpw9IR,False,1516920446712795137,0,2,2,0
RepEllzey,Rep. Jake Ellzey,1516793307338317827,1366523868253458437,en,1516793307338317827,2022-04-20T14:57:59.000Z,"Yesterday I had the opportunity to meet with @methodistmidlo, The Salvation Army of Ellis County, and @hopeclinicec. I want to thank them for all of their work in our community. They each play a pivotal role in making our district what it is. https://t.co/iMsNu3LC5z",False,1516793307338317827,2,1,1,0
RepEllzey,Rep. Jake Ellzey,1516139163539619847,1366523868253458437,en,1516139163539619847,2022-04-18T19:38:39.000Z,Last week I was proud to join @RepColinAllred in introducing a bill to create and expand veteran health care facilities in DFW and across the nation. https://t.co/HDSgwbQGlz,False,1516139163539619847,9,3,3,0
RepEllzey,Rep. Jake Ellzey,1514736586491150338,1366523868253458437,en,1514736586491150338,2022-04-14T22:45:19.000Z,"I had a great time in Navarro County today. Thank you, @NavarroCollege and Kohl‚Äôs for inviting me to visit. The downtown Easter Hop was an outstanding success. Thanks to all of the families that stopped by my office to get some Easter eggs! https://t.co/yCN9EMBgjz",False,1514736586491150338,3,3,3,0
RepEllzey,Rep. Jake Ellzey,1514357710149533710,1366523868253458437,en,1514357710149533710,2022-04-13T21:39:48.000Z,"Thank you, @sagu, for inviting me to your campus to speak with the next generation of leaders. Thanks, Professor Gates, for sharing your classroom with me. https://t.co/uYDca3ypl8",False,1514357710149533710,0,3,3,0
RepEllzey,Rep. Jake Ellzey,1514259181733302272,1366523868253458437,zxx,1514259181733302272,2022-04-13T15:08:17.000Z,https://t.co/G0ylq5ka0p,False,1514258969249910787,2,1,1,0
RepEllzey,Rep. Jake Ellzey,1514259095498502144,1366523868253458437,zxx,1514259095498502144,2022-04-13T15:07:56.000Z,https://t.co/Vv8KnmKc8Q,False,1514258969249910787,2,1,1,0
RepEllzey,Rep. Jake Ellzey,1514258969249910787,1366523868253458437,en,1514258969249910787,2022-04-13T15:07:26.000Z,"As a member of Congress, is it my responsibility to protect the lives of the unborn and those who cannot defend themselves. Monday, I joined 125 of my colleagues in sending a letter to President Biden opposing the President's Budget Proposal on the basis of anti-life provisions. https://t.co/4QZxJC8Hes",False,1514258969249910787,15,13,13,3
RepEllzey,Rep. Jake Ellzey,1513957861596045325,1366523868253458437,en,1513957861596045325,2022-04-12T19:10:56.000Z,"RT @HouseVetAffairs: üö® ICYMI: @RepChipRoy, @GOPLeader, RM @RepBost, + 73 House Republicans sent a letter to Interior @SecDebHaaland urging‚Ä¶",False,1513957861596045325,21,0,0,0
RepEllzey,Rep. Jake Ellzey,1513913140840439809,1366523868253458437,en,1513913140840439809,2022-04-12T16:13:14.000Z,Join me on Wednesday the 20th for a cup of coffee! https://t.co/T3R5wO0gcY,False,1513913140840439809,0,0,0,1
RepEllzey,Rep. Jake Ellzey,1512548680452083715,1366523868253458437,en,1512548680452083715,2022-04-08T21:51:21.000Z,RT @CodyforTexas: Thanks @RepEllzey for hosting me in DC this week. It‚Äôs rare for two friends to have the ability to effect change at the S‚Ä¶,False,1512548680452083715,3,0,0,0
RepEllzey,Rep. Jake Ellzey,1512535706207457280,1366523868253458437,en,1512535706207457280,2022-04-08T20:59:48.000Z,"Let‚Äôs take a walk and talk about what happened this week in Washington.

https://t.co/MkDD0UpVVk",False,1512535706207457280,0,1,1,0
RepEllzey,Rep. Jake Ellzey,1511814468980056064,1366523868253458437,en,1511814468980056064,2022-04-06T21:13:52.000Z,"Stay updated with what is going on in D.C. and in our district with my monthly newsletter.
https://t.co/kC5tnKqdND",False,1511814468980056064,2,2,2,0
RepEllzey,Rep. Jake Ellzey,1511050941960757254,1366523868253458437,en,1511050941960757254,2022-04-04T18:39:53.000Z,Join @RepBost and me tomorrow at 6:00 pm (cst) for a Veterans Telephone Town Hall. https://t.co/Rqgs0jAUNy,False,1511050941960757254,3,3,3,0
RepEllzey,Rep. Jake Ellzey,1509917648427094016,1366523868253458437,en,1509917648427094016,2022-04-01T15:36:34.000Z,"If you fed your family today, thank a farmer. Thank a rancher. And in Texas, thank a neighbor. https://t.co/VDcr3DuF3B",False,1509917648427094016,2,6,6,0
RepEllzey,Rep. Jake Ellzey,1509553935157182469,1366523868253458437,en,1509553935157182469,2022-03-31T15:31:18.000Z,I encourage anyone interested in serving our country to come to the North Texas U.S. Service Academies Forum and gather important and interesting information. Attending the Naval Academy was an honor and remains one of the greatest highlights of my life. https://t.co/glWAyv1mMH,False,1509553935157182469,2,2,2,0
RepEllzey,Rep. Jake Ellzey,1501968383281180673,1366523868253458437,en,1501968383281180673,2022-03-10T17:09:02.000Z,"Let‚Äôs take a walk and talk about what happened this week in Washington.

https://t.co/i60WKGOs64",False,1501968383281180673,1,19,19,0
RepEllzey,Rep. Jake Ellzey,1501592451873710082,1366523868253458437,en,1501592451873710082,2022-03-09T16:15:13.000Z,"Yesterday, I joined 44 of my Republican colleagues in introducing the No Retaining Every Gun In a System That Restricts Your (REGISTRY) Rights Act to ensure the federal government doesn't build a federal firearms registry. 

https://t.co/HuLwxTB1WO https://t.co/cmnCsaAdzn",False,1501592451873710082,2,13,13,0
RepEllzey,Rep. Jake Ellzey,1501249592318468102,1366523868253458437,en,1501249592318468102,2022-03-08T17:32:49.000Z,"Today, I have the opportunity to join @POTUS and @SecVetAffairs on Air Force One with my colleagues @RepVeasey and @RepColinAllred to travel back to the district to visit VA facilities in Fort Worth. During times like these, it is imperative that we support our veterans. https://t.co/59cXgjGrRS",False,1501249592318468102,19,24,24,2
RepEllzey,Rep. Jake Ellzey,1500984093701459971,1366523868253458437,en,1500984093701459971,2022-03-07T23:57:49.000Z,"Today, I joined 37 of my colleagues in signing on a the letter calling for an end to proxy voting.

https://t.co/csGHoTZqzx",False,1500984093701459971,1,3,3,1
RepEllzey,Rep. Jake Ellzey,1500556358319583234,1366523868253458437,en,1500556358319583234,2022-03-06T19:38:09.000Z,"Thank you @MariaBartiromo for having me and @RepPfluger on this morning to discuss Russia‚Äôs war in Ukraine, what American can do to help, and the leadership of President Zelensky. 

https://t.co/6r2rEl7lTr",False,1500556358319583234,3,4,4,0
RepEllzey,Rep. Jake Ellzey,1500543527733932046,1366523868253458437,en,1500543527733932046,2022-03-06T18:47:10.000Z,RT @JohnCornyn: Do it,False,1500543527733932046,30,0,0,0
RepEllzey,Rep. Jake Ellzey,1499048941542907919,1366523868253458437,en,1499048941542907919,2022-03-02T15:48:13.000Z,Good morning America! Let‚Äôs take a walk. https://t.co/z49fkFvZZW,False,1499048941542907919,1,9,9,1
RepEllzey,Rep. Jake Ellzey,1498836542978146306,1366523868253458437,en,1498836542978146306,2022-03-02T01:44:13.000Z,As I walk up the steps of our nations Capitol to hear the State of the Union I had to stop and thank the officers on duty. It is a privilege to walk up these steps and I am grateful to these men and women. https://t.co/tH7BxdCG0J,False,1498836542978146306,1,5,5,0
RepEllzey,Rep. Jake Ellzey,1496532694460768256,1366523868253458437,en,1496532694460768256,2022-02-23T17:09:33.000Z,A big thanks to @huntsman_build for giving me a tour! Keep up the good work! https://t.co/8BMNOVd1Bg,False,1496532694460768256,1,6,6,0
RepEllzey,Rep. Jake Ellzey,1494414058212188166,1366523868253458437,en,1494414058212188166,2022-02-17T20:50:51.000Z,"Thank you, team Buckley for hosting me at your facility in Midlothian. You have a great operation! https://t.co/GM8k15Alo0",False,1494414058212188166,3,15,15,0
RepEllzey,Rep. Jake Ellzey,1494147719476170754,1366523868253458437,en,1494147719476170754,2022-02-17T03:12:30.000Z,"On Saturday, I was invited to judge Navarro College's Dancing For Our Stars. The performances were outstanding, and they raised money for a great cause. Navarro, you put on one great show! https://t.co/QdXJg1iFEx",False,1494147719476170754,1,6,6,0
RepEllzey,Rep. Jake Ellzey,1494072750511644675,1366523868253458437,en,1494072750511644675,2022-02-16T22:14:36.000Z,"I‚Äôll be joining @seanspicer &amp; @LyndsayMKeith at 5pm on #spicerandco to discuss‚Ä¶
Tune in to @Newsmax! https://t.co/h5MtQE9rs7",False,1494072750511644675,1,5,5,0
RepEllzey,Rep. Jake Ellzey,1492635565174444036,1366523868253458437,en,1492635565174444036,2022-02-12T23:03:45.000Z,"Today, Sergeant Brian Christoper Martin reenlisted into the army after serving our country for 26 year. It was a privilege to administer the oaths of reenlistment. https://t.co/ucKPNc0h71",False,1492635565174444036,2,7,7,1
RepEllzey,Rep. Jake Ellzey,1491458216303423488,1366523868253458437,en,1491458216303423488,2022-02-09T17:05:23.000Z,Let‚Äôs take a walk and talk about what happened this week in Washington. https://t.co/35mjmwo2e0,False,1491458216303423488,5,17,17,2
RepEllzey,Rep. Jake Ellzey,1491147151162081280,1366523868253458437,en,1491147151162081280,2022-02-08T20:29:19.000Z,"One of my favorite duties as a Member of Congress is nominating outstanding young men and women to our nation's service academies from the 6th Congressional District. This was a highly competitive process, and I could not be prouder of what they have already accomplished. https://t.co/rA7iD4hGgY",False,1491147151162081280,1,7,7,0
RepEllzey,Rep. Jake Ellzey,1490028861026930690,1366523868253458437,en,1490028861026930690,2022-02-05T18:25:38.000Z,"Over the last couple of weeks, I have had the opportunity to tour and visit with many of our local law enforcement personnel. I can say, without a doubt, our district has the best law enforcement in the State of Texas. And they are all better shots than your Congressman! https://t.co/iH02ByoyWD",False,1490028861026930690,1,15,15,0
RepEllzey,Rep. Jake Ellzey,1489349757222932481,1366523868253458437,en,1489349757222932481,2022-02-03T21:27:07.000Z,"RT @RepMikeGarcia: We are cleared for takeoff! Proud to join @RepPfluger, @RepFranklin, &amp; @RepEllzey in launching the new MACH 1 Caucus. As‚Ä¶",False,1489349757222932481,8,0,0,0
RepEllzey,Rep. Jake Ellzey,1488987437670232064,1366523868253458437,en,1488987437670232064,2022-02-02T21:27:23.000Z,"RT @TDEM: The State Emergency Operations Center is working around the clock to prepare for and respond to the extreme winter weather.

TDEM‚Ä¶",False,1488987437670232064,36,0,0,0
RepEllzey,Rep. Jake Ellzey,1484947220478803981,1366523868253458437,en,1484947220478803981,2022-01-22T17:53:01.000Z,"RT @TxDPS: [Please note: iWatchTexas is not designed to report emergencies. If a situation requires an emergency response, call 911.]",False,1484947220478803981,5,0,0,0
RepEllzey,Rep. Jake Ellzey,1484947187851313155,1366523868253458437,en,1484947187851313155,2022-01-22T17:52:53.000Z,"RT @TxDPS: January is dedicated to raising awareness about human trafficking and putting an end to this heinous crime. 

DYK? DPS‚Äô Criminal‚Ä¶",False,1484947187851313155,15,0,0,0
RepEllzey,Rep. Jake Ellzey,1481749570296160256,1366523868253458437,en,1481749570296160256,2022-01-13T22:06:41.000Z,Battalion Chief David Maeker thank you for your incredible service and leadership in our community and to those that need it most. https://t.co/36S8OqIkmk,False,1481749570296160256,1,4,4,1
RepEllzey,Rep. Jake Ellzey,1481387047449509888,1366523868253458437,en,1481387047449509888,2022-01-12T22:06:09.000Z,I had a great time touring @Airbus  in Fort Worth last week. I got to spend some time in their helicopter simulator. It turns out I can still fly! We're doing amazing things here in House District 6th. Thanks for having me! https://t.co/VN9VX1ZGII,False,1481387047449509888,1,0,0,1
RepEllzey,Rep. Jake Ellzey,1481294806064246799,1366523868253458437,en,1481294806064246799,2022-01-12T15:59:37.000Z,"RT @RepKevinBrady: Democrats' spending has pushed Bidenflation to achieve the highest prices in 40 years, killing family budgets &amp; wiping o‚Ä¶",False,1481294806064246799,35,0,0,0
RepEllzey,Rep. Jake Ellzey,1481294750418452481,1366523868253458437,en,1481294750418452481,2022-01-12T15:59:24.000Z,"RT @RepMcCaul: Human trafficking is modern day slavery. Today, the DHS held a press conference at IAH as a part of their Blue Campaign, she‚Ä¶",False,1481294750418452481,3,0,0,0
RepEllzey,Rep. Jake Ellzey,1480731260783894531,1366523868253458437,en,1480731260783894531,2022-01-11T02:40:17.000Z,"I will never give in when it comes to opposing private interests using eminent domain to take someone‚Äôs property. Land cannot be taken, homes destroyed, and lives disrupted for a private company‚Äôs boondoggle. https://t.co/reXP8bLHil",False,1480731260783894531,1,2,2,3
RepEllzey,Rep. Jake Ellzey,1478865003545509894,1366523868253458437,en,1478865003545509894,2022-01-05T23:04:27.000Z,"Today was a very special day. I met 22 outstanding young men and women who want to dedicate their lives to defending our nation. In so doing, they took the last step to gain entrance to our nation's military academies. https://t.co/v1bEOg9D2D",False,1478865003545509894,1,0,0,0
RepEllzey,Rep. Jake Ellzey,1473378697772253193,1366523868253458437,en,1473378697772253193,2021-12-21T19:43:50.000Z,The level of innovation I saw from the applicants from House District six was nothing short of remarkable. Congratulations to Eshan on all of his hard work and this tremendous accomplishment. https://t.co/hiikbao5aT,False,1473378697772253193,0,1,1,0
RepEllzey,Rep. Jake Ellzey,1472666128468135939,1366523868253458437,en,1472666128468135939,2021-12-19T20:32:20.000Z,It was an honor to be apart of Wreaths Across America in Waxahachie yesterday. Thank you to everyone who participated across our country. This event means so much to so many people. https://t.co/7ORddx8WUT,False,1472666128468135939,11,2,2,1
RepEllzey,Rep. Jake Ellzey,1472026182329802752,1366523868253458437,en,1472026182329802752,2021-12-18T02:09:25.000Z,Let‚Äôs talk a walk and talk about what happened this week in Washington. https://t.co/NDO3Ya13Ad,False,1472026182329802752,0,0,0,0
RepEllzey,Rep. Jake Ellzey,1471935231829626881,1366523868253458437,en,1471935231829626881,2021-12-17T20:08:01.000Z,RT @SecVetAffairs: Pleased to meet with Dallas Vet Center staff and @RepEllzey. Director Amanda Baker told me her entire team was telehealt‚Ä¶,False,1471935231829626881,5,0,0,0
RepEllzey,Rep. Jake Ellzey,1471555692293144585,1366523868253458437,en,1471555692293144585,2021-12-16T18:59:51.000Z,"RT @RepBost: Recently, news reports raised questions about whether the TSA is allowing illegal immigrants to fly without proper identificat‚Ä¶",False,1471555692293144585,5,0,0,0
RepEllzey,Rep. Jake Ellzey,1471272165660147715,1366523868253458437,en,1471272165660147715,2021-12-16T00:13:13.000Z,"During nights when we have late votes at the Capitol, it‚Äôs always great to have a local leader stop by the office. Thanks, Mayor, for making the trip up to DC. You‚Äôre always welcome in my office. https://t.co/bHiphPfPcd",False,1471272165660147715,1,0,0,0
RepEllzey,Rep. Jake Ellzey,1471145379496398853,1366523868253458437,en,1471145379496398853,2021-12-15T15:49:25.000Z,"Today, I had the honor to be an original co-sponsor of the Microelectronics Research for Energy Innovation Act. This bill will leverage the Department of Energy‚Äôs world-leading research and development capabilities to accelerate U.S. leadership in the microelectronics industry. https://t.co/o59gdyKSFN",False,1471145379496398853,4,1,1,1
RepEllzey,Rep. Jake Ellzey,1469441645443694597,1366523868253458437,en,1469441645443694597,2021-12-10T22:59:23.000Z,"This week, I had the honor of meeting with State Representative Jacey Jetton, Dr. Xiqiu ‚ÄúBob‚Äù Fu, Mrs. Deborah Fikes, Ran Peng, and Ruiting Renon about how to preserve and advance human rights and discussed the deadly actions of some countries destroying human rights. https://t.co/LvhwP0HjQ3",False,1469441645443694597,0,1,1,0
RepEllzey,Rep. Jake Ellzey,1468433823817998336,1366523868253458437,en,1468433823817998336,2021-12-08T04:14:40.000Z,"It is appropriate that on the 80th anniversary of Pearl Harbor that Congress unite and pass the NDAA. As members elected to this body, it is our duty to protect our country. With the passing of the NDAA, today we did that. https://t.co/BEhWstc1zK",False,1468433823817998336,3,1,1,0
RepEllzey,Rep. Jake Ellzey,1468325822322855941,1366523868253458437,en,1468325822322855941,2021-12-07T21:05:30.000Z,"Today, on the 80th anniversary of the devastating attack on Pearl Harbor, we remember the 2,403 Americans who were taken from their friends and families too soon. Today, we put aside our differences and unite to remember what makes us all Americans.",False,1468325822322855941,2,2,2,0
RepEllzey,Rep. Jake Ellzey,1466940037971562497,1366523868253458437,en,1466940037971562497,2021-12-04T01:18:54.000Z,Would you take a walk with me? Let‚Äôs talk about what happened this week in Washington. https://t.co/3r5Vdw71nH,False,1466940037971562497,5,3,3,1
RepEllzey,Rep. Jake Ellzey,1461728562105442308,1366523868253458437,en,1461728562105442308,2021-11-19T16:10:21.000Z,"Today, House Democrats obtained quorum through the use of proxy, which I believe is unconstitutional. After staying up all night working with Leader McCarthy, I chose not to vote in protest of this destructive bill and the unconstitutional process used to pass it. https://t.co/NLMdNpkWbO",False,1461728562105442308,1,4,4,2
RepEllzey,Rep. Jake Ellzey,1461545810735341568,1366523868253458437,en,1461545810735341568,2021-11-19T04:04:10.000Z,Let‚Äôs talk about what‚Äôs going on in Washington this week. https://t.co/HLhFYHGpNd,False,1461545810735341568,2,3,3,0
RepEllzey,Rep. Jake Ellzey,1460698371153399810,1366523868253458437,en,1460698371153399810,2021-11-16T19:56:44.000Z,"It was truly an honor to bring H.R. 5516, the VITAL Assessment Act, to the House Floor. Our veterans need our help, and we're here to answer that call. 
@CSPAN https://t.co/uWeSi4WkDN",False,1460698371153399810,1,1,1,1
RepEllzey,Rep. Jake Ellzey,1460697751495262211,1366523868253458437,en,1460697751495262211,2021-11-16T19:54:17.000Z,"RT @SenTuberville: With Taiwan‚Äôs President Tsai, we discussed the importance of Taiwan focusing on asymmetric capabilities. https://t.co/CD‚Ä¶",False,1460697751495262211,15,0,0,0
RepEllzey,Rep. Jake Ellzey,1458931298815385606,1366523868253458437,en,1458931298815385606,2021-11-11T22:55:01.000Z,"Veteran's day is a day of celebration and remembrance of all of the things this nation stands for. 

Our veterans have sacrificed so much for our country, and I know they would do it again in a heartbeat. 

Thank you to my brothers and sisters in arms, and Happy Veteran's Day.",False,1458931298815385606,4,4,4,0
RepEllzey,Rep. Jake Ellzey,1458480889063686150,1366523868253458437,en,1458480889063686150,2021-11-10T17:05:15.000Z,"246 years of defending our country. 246 years of sacrificing. 246 years of holding the line. Happy Birthday, Marines. We would not be here without you. Semper Fi. I salute you. 

Here is to 246 more! https://t.co/DszqwuWcnI",False,1458480889063686150,2,0,0,0
RepEllzey,Rep. Jake Ellzey,1457761151220133891,1366523868253458437,en,1457761151220133891,2021-11-08T17:25:17.000Z,"Last Friday, after the longest vote in our history, Nancy Pelosi rammed through the Democrat's disastrous socialist tax and spending spree through the House. I voted NO.",False,1457761151220133891,4,3,3,0
RepEllzey,Rep. Jake Ellzey,1456646199533056001,1366523868253458437,en,1456646199533056001,2021-11-05T15:34:51.000Z,"Small businesses are the backbone of our country. They are the key to the American Dream. Many veterans, after their time in the service, choose to open their own business. And this week we celebrate them.
 
Let's support our veterans. Happy Veterans Small Business week!",False,1456646199533056001,3,2,2,0
RepEllzey,Rep. Jake Ellzey,1456428799135035400,1366523868253458437,en,1456428799135035400,2021-11-05T01:10:59.000Z,"If there is one thing Congress can agree on, it is that we need to help our veterans. I'm grateful to Chairman Takano, Ranking Member @RepBost, and my fellow committee members for unanimously voting the VITAL Assessment act for further consideration on the House Floor. https://t.co/qHrjpG2XEg",False,1456428799135035400,1,2,2,0
RepEllzey,Rep. Jake Ellzey,1454170366780362755,1366523868253458437,en,1454170366780362755,2021-10-29T19:36:47.000Z,RT @GOPLeader: Make no mistake: Business will boom for drug cartels and human traffickers if the Biden admin follows through with its plan‚Ä¶,False,1454170366780362755,1146,0,0,0
RepEllzey,Rep. Jake Ellzey,1454148468948275204,1366523868253458437,en,1454148468948275204,2021-10-29T18:09:46.000Z,"We must protect our individual freedoms. Today, I am signing on to H.R. 5360 to nullify President Biden's executive orders regarding COVID-19 mandates and to prohibit the Secretary of Labor from issuing a rule mandating vaccination against COVID-19.",False,1454148468948275204,4,10,10,1
RepEllzey,Rep. Jake Ellzey,1453521345757712388,1366523868253458437,en,1453521345757712388,2021-10-28T00:37:48.000Z,"Today, newly elected Ellis County Representative Brian Harrison came to visit me in Washington. I look forward to working with him on issues that impact the residents of Ellis County and the great State of Texas. https://t.co/Yu3j3nBtxy",False,1453521345757712388,1,2,2,0
RepEllzey,Rep. Jake Ellzey,1452391565012439041,1366523868253458437,en,1452391565012439041,2021-10-24T21:48:27.000Z,Watching the Blue Angels with my son. Always makes me proud of our country and miss flying these exquisite aircraft. https://t.co/fkgpcPYRF7,False,1452391565012439041,0,1,1,0
RepEllzey,Rep. Jake Ellzey,1452077611488788484,1366523868253458437,en,1452077611488788484,2021-10-24T01:00:55.000Z,Would you take a walk with me? Let‚Äôs talk about what happened this week in Washington. https://t.co/ZTQUmPrqnF,False,1452077611488788484,0,1,1,1
RepEllzey,Rep. Jake Ellzey,1450526627046244357,1366523868253458437,en,1450526627046244357,2021-10-19T18:17:52.000Z,"I want to thank everyone who came out yesterday for our new district offices' ribbon cutting and grand opening. I am blessed to have the support of all of you. Now, it's time to get to work. If you need anything, please stop by one of the offices. https://t.co/bcQ8Qh2LTb",False,1450526627046244357,0,1,1,0
RepEllzey,Rep. Jake Ellzey,1443349253942874119,1366523868253458437,en,1443349253942874119,2021-09-29T22:57:32.000Z,"Wearing two hats tonight. One for my Papa who passed away a year ago. One for Mark Sanders, my EOD, and USNA brother. https://t.co/fw4cnPgPzH",False,1443349253942874119,0,5,5,0
RepEllzey,Rep. Jake Ellzey,1436790694249746438,1366523868253458437,en,1436790694249746438,2021-09-11T20:36:10.000Z,"This year marks the 20th anniversary of the September 11th attacks on our nation. Let today be a day for those who would protest what this country is, what they think it is, be a day of remembrance and understanding of who we are. Not what they have been told we are.",False,1436790694249746438,0,17,17,0
RepEllzey,Rep. Jake Ellzey,1431780999914983429,1366523868253458437,en,1431780999914983429,2021-08-29T00:49:26.000Z,"Today, the Department of Defense announced that Marine Corps Lance Cpl. David L. Espinoza, 20, of Rio Bravo, Texas, was among the 13 brave men and women who gave their lives in defense of the Kabul Airport. My heart goes out to the families of these American Heroes.",False,1431780999914983429,3,6,6,0
RepEllzey,Rep. Jake Ellzey,1431039529889243138,1366523868253458437,en,1431039529889243138,2021-08-26T23:43:06.000Z,Today 12 American heroes died in a suicide bombing at Kabul Airport. Biden recently said that we could trust the Taliban; the events of this morning reaffirm why we cannot. Please join me in sending prayers to the families of these warriors who made the ultimate sacrifice.,False,1431039529889243138,72,84,84,7
RepEllzey,Rep. Jake Ellzey,1417217357903241220,1366523868253458437,en,1417217357903241220,2021-07-19T20:18:43.000Z,"Governor Abbott just signed HB 885 which I am proud to have co-authored. Navarro College is allowed to add a baccalaureate degree in nursing to their degree offerings. This will have an incredible positive impact on Ellis County, Navarro County, DFW and surrounding areas. https://t.co/Hz9croOQnv",False,1417217357903241220,5,5,5,1
RepEllzey,Rep. Jake Ellzey,1415737042219188225,1366523868253458437,zxx,1415737042219188225,2021-07-15T18:16:28.000Z,https://t.co/XVwtOW44yp,False,1415737042219188225,1,1,1,0
RepEllzey,Rep. Jake Ellzey,1415735605846319104,1366523868253458437,en,1415735605846319104,2021-07-15T18:10:46.000Z,RT @DadePhelan: Here‚Äôs my statement about those who are stalling a 13th check for retired teachers by breaking quorum and a list of those w‚Ä¶,False,1415735605846319104,63,0,0,0
RepEllzey,Rep. Jake Ellzey,1415356647598346241,1366523868253458437,en,1415356647598346241,2021-07-14T17:04:55.000Z,"RT @DadePhelan: We await the return of our colleagues to work on providing retired teachers a 13th check, protecting foster kids, defending‚Ä¶",False,1415356647598346241,36,0,0,0
RepEllzey,Rep. Jake Ellzey,1415082100571754497,1366523868253458437,en,1415082100571754497,2021-07-13T22:53:58.000Z,"I attended Texas House session today, with my Republican colleagues. Doing the work on behalf of HD10. Also attended press conference calling out the Democrats dereliction of duty abandoning job and flying to DC #txlege https://t.co/1OTj6kx7EG",False,1415082100571754497,1,2,2,0
RepEllzey,Rep. Jake Ellzey,1414691151471423488,1366523868253458437,en,1414691151471423488,2021-07-12T21:00:28.000Z,"Tomorrow, as House District 10 State Representative, I look forward to being present for the Texas House roll call and ready to advance important conservative policies for the betterment of the people of HD 10 and all of Texas. #txlege https://t.co/RGnzHYekBD",False,1414691151471423488,1,0,0,1
RepEllzey,Rep. Jake Ellzey,1412805017493458947,1366523868253458437,en,1412805017493458947,2021-07-07T16:05:39.000Z,"Governor Greg Abbott today issued a proclamation that identifies eleven agenda items for the Special Session that begins at 10:00 AM on Thursday, July 8. 
https://t.co/OlAW6sbSNf",False,1412805017493458947,0,1,1,0
RepEllzey,Rep. Jake Ellzey,1410288560062730240,1366523868253458437,en,1410288560062730240,2021-06-30T17:26:09.000Z,"RT @GregAbbott_TX: Today. 

President Trump joins me in the Rio Grande Valley. 

12 pm. Facebook LIVE.

Don‚Äôt miss it. ‚¨áÔ∏è

https://t.co/PHe‚Ä¶",False,1410288560062730240,363,0,0,0
RepEllzey,Rep. Jake Ellzey,1407462733294051328,1366523868253458437,en,1407462733294051328,2021-06-22T22:17:19.000Z,"Governor Abbott has called a special session starting July 8. Even with tremendous conservative successes as a result of regular session, looking forward to completing unfinished business for HD10 and all of Texas! ¬†#txlege",False,1407462733294051328,0,0,0,0
RepEllzey,Rep. Jake Ellzey,1405628699144294404,1366523868253458437,en,1405628699144294404,2021-06-17T20:49:31.000Z,"RT @GregAbbott_TX: Politicians from the fed. level to the local level have threatened to take guns from law-abiding citizens.

Not in TEXAS‚Ä¶",False,1405628699144294404,871,0,0,0
RepEllzey,Rep. Jake Ellzey,1402385151364145152,1366523868253458437,en,1402385151364145152,2021-06-08T22:00:49.000Z,"RT @GregAbbott_TX: To keep Texas the best state in the nation, we can never forget WHY our state is so exceptional. 
 
I signed a law estab‚Ä¶",False,1402385151364145152,1317,0,0,0
RepEllzey,Rep. Jake Ellzey,1401301247320338439,1366523868253458437,en,1401301247320338439,2021-06-05T22:13:46.000Z,"RT @GregAbbott_TX: Texas earns top spot for small business jobs growth.

The Lone Star State leads the nation once again!
 
Small businesse‚Ä¶",False,1401301247320338439,182,0,0,0
RepEllzey,Rep. Jake Ellzey,1400135844032303104,1366523868253458437,en,1400135844032303104,2021-06-02T17:02:53.000Z,"Both laser pointers and fireworks can have grave consequences when used as a weapon. People using them as a weapon must pay a heavier penalty for their actions."" #txlege",False,1400135842044203008,0,1,1,0
RepEllzey,Rep. Jake Ellzey,1400135843118030851,1366523868253458437,en,1400135843118030851,2021-06-02T17:02:52.000Z,"While we passed positive law enforcement reforms, I support and will continue to support enforcement. In regard to HB 2366, it hits close to home. I have mentioned before that as a pilot I have been lased and it damages eye sight and obstructs vision. #txlege",False,1400135842044203008,0,1,1,0
RepEllzey,Rep. Jake Ellzey,1400135842044203008,1366523868253458437,en,1400135842044203008,2021-06-02T17:02:52.000Z,"https://t.co/mlKNu4RZIs ""In Texas, we don't defund law enforcement, we back law enforcement. I am proud to have Co-Authored HB 1900 creating significant consequences for cities defunding the police. Defunding the police puts the community and officers in danger. #backtheblue",False,1400135842044203008,1,1,1,0
RepEllzey,Rep. Jake Ellzey,1400115817111511041,1366523868253458437,en,1400115817111511041,2021-06-02T15:43:18.000Z,"RT @GregAbbott_TX: Peaceful protest doesn‚Äôt include blocking emergency vehicles or obstructing access to a hospital.

That won‚Äôt be tolerat‚Ä¶",False,1400115817111511041,345,0,0,0
RepEllzey,Rep. Jake Ellzey,1397671710468489218,1366523868253458437,en,1397671710468489218,2021-05-26T21:51:17.000Z,I am proud to have co-authored and passed HB 2622 to make Texas a 2nd Amendment Sanctuary State. Texas will NOT enforce any federal order or law that infringes on the right to keep and bear arms. #txlege https://t.co/QbrklhW4G8,False,1397671710468489218,1,2,2,1
RepEllzey,Rep. Jake Ellzey,1395106039343816711,1366523868253458437,en,1395106039343816711,2021-05-19T19:56:14.000Z,"RT @GregAbbott_TX: The heartbeat bill is now LAW in the Lone Star State. 

This bill ensures the life of every unborn child with a heartbea‚Ä¶",False,1395106039343816711,2722,0,0,0
RepEllzey,Rep. Jake Ellzey,1392891872759197709,1366523868253458437,en,1392891872759197709,2021-05-13T17:17:55.000Z,"Faith is essential in many Texans lives. That's why I Co-Authored for #HB525 to designate houses of worship as ""essential"" in state law. No government official can ever use the law to close the doors to people of faith. #txlege",False,1392891872759197709,0,0,0,0
RepEllzey,Rep. Jake Ellzey,1392569785096019972,1366523868253458437,en,1392569785096019972,2021-05-12T19:58:04.000Z,"HB 3, the Texas Pandemic Disaster Act, passed out of the Texas House. The bill clarifies government emergency powers and limitations during a pandemic disaster. HB 3 protects Texans' constitutional rights &amp; ensures a streamlined &amp; effective response to a future pandemic. #txlege https://t.co/HRABBVQzYr",False,1392569785096019972,1,1,1,0
RepEllzey,Rep. Jake Ellzey,1392552295376773122,1366523868253458437,en,1392552295376773122,2021-05-12T18:48:34.000Z,Proud Co-Author of HB 1195. Protecting Texas small businesses and other businesses for unnecessary taxes #txlege https://t.co/ajcGOBRaaF,False,1392552295376773122,1,0,0,0
RepEllzey,Rep. Jake Ellzey,1392548943079301122,1366523868253458437,en,1392548943079301122,2021-05-12T18:35:14.000Z,"RT @GregAbbott_TX: Alcohol to-go is now LAW in Texas!
 
Thank you to my partners in the legislature for getting this to my desk.

#txlege h‚Ä¶",False,1392548943079301122,849,0,0,0
RepEllzey,Rep. Jake Ellzey,1392253315359121409,1366523868253458437,en,1392253315359121409,2021-05-11T23:00:31.000Z,I am proud to Co-Sponsor SB 1776 which provides for inclusion of an elective course on the founding principles of the United States in the curriculum for public high school students and the posting of the founding documents of the United States in public school buildings #txlege https://t.co/3Ldn3eTxnV,False,1392253315359121409,0,0,0,0
RepEllzey,Rep. Jake Ellzey,1391562138750230528,1366523868253458437,zxx,1391562138750230528,2021-05-10T01:14:02.000Z,https://t.co/hHItoql7qA,False,1391562138750230528,0,0,0,0
RepEllzey,Rep. Jake Ellzey,1391393229908684813,1366523868253458437,en,1391393229908684813,2021-05-09T14:02:51.000Z,"RT @GregAbbott_TX: In 48 hours the Texas House voted to:
* Defund cities that defund police
* Ban abortion at detection of heartbeat 
* Sla‚Ä¶",False,1391393229908684813,1952,0,0,0
RepEllzey,Rep. Jake Ellzey,1390834398371713035,1366523868253458437,en,1390834398371713035,2021-05-08T01:02:15.000Z,RT @TXGOPCaucus: #ICYMI The @TXGOPCaucus achieved its goal to make the last 48 hours the most conservative in the chamber's history. We pas‚Ä¶,False,1390834398371713035,6,0,0,0
RepEllzey,Rep. Jake Ellzey,1390834372807385097,1366523868253458437,en,1390834372807385097,2021-05-08T01:02:09.000Z,"RT @TXGOPCaucus: These early victories show that under the leadership of the @TXGOPCaucus, the Texas House will continue to protect the Con‚Ä¶",False,1390834372807385097,1,0,0,0
RepEllzey,Rep. Jake Ellzey,1390834346542706695,1366523868253458437,en,1390834346542706695,2021-05-08T01:02:03.000Z,RT @TXGOPCaucus: The work today &amp; this session marks the most Conservative session in history as members of @TXGOPCaucus have already deliv‚Ä¶,False,1390834346542706695,6,0,0,0
RepEllzey,Rep. Jake Ellzey,1390457639532908545,1366523868253458437,en,1390457639532908545,2021-05-07T00:05:09.000Z,RT @TXGOPCaucus: Congrats to @GoldmanCraig for passing #HB1900 to crack down on cities that would defund police. The bill now moves onto 3r‚Ä¶,False,1390457639532908545,10,0,0,0
RepEllzey,Rep. Jake Ellzey,1390064694593982467,1366523868253458437,en,1390064694593982467,2021-05-05T22:03:44.000Z,RT @TXGOPCaucus: The Texas House is about to have the most Conservative 48-hours in the chamber‚Äôs history as we prepare to debate strong me‚Ä¶,False,1390064694593982467,9,0,0,0
RepEllzey,Rep. Jake Ellzey,1389630139416334336,1366523868253458437,en,1389630139416334336,2021-05-04T17:16:57.000Z,RT @EllisCounty_TX: Update: The Water Distribution Center is ready. Persons left without water due to last night's storm can pick up water‚Ä¶,False,1389630139416334336,5,0,0,0
RepEllzey,Rep. Jake Ellzey,1389630027466252295,1366523868253458437,en,1389630027466252295,2021-05-04T17:16:31.000Z,"RT @TDEM: ‚ö†Ô∏èIf your home or business received damage from the May 3-4 Severe Storms‚ö†Ô∏è

Please submit your damage estimates/photos to https:‚Ä¶",False,1389630027466252295,3,0,0,0
RepEllzey,Rep. Jake Ellzey,1389629994150678533,1366523868253458437,en,1389629994150678533,2021-05-04T17:16:23.000Z,RT @TDEM: Rule of Thumb: The state must be able to show roughly 25 homes with major damage/destroyed that are uninsured to meet @SBAgov req‚Ä¶,False,1389629994150678533,1,0,0,0
RepEllzey,Rep. Jake Ellzey,1389629899678289921,1366523868253458437,en,1389629899678289921,2021-05-04T17:16:00.000Z,"RT @TDEM: Was your home or business damaged overnight by severe storms? 

@TDEM is working with local officials and volunteer organizations‚Ä¶",False,1389629899678289921,37,0,0,0
RepEllzey,Rep. Jake Ellzey,1388247005747728388,1366523868253458437,en,1388247005747728388,2021-04-30T21:40:53.000Z,"Sexual Assault Awareness Month, April 2021. Proud to have voted YES on every bill fulfilling EVERY recommendation made by the Sexual Assault Survivors‚Äô Task Force. #txlege https://t.co/NGX6oJkQI6",False,1388247005747728388,0,0,0,0
RepEllzey,Rep. Jake Ellzey,1387813206740160521,1366523868253458437,en,1387813206740160521,2021-04-29T16:57:07.000Z,"I am proud to have Co-Authored HB 1900 creating financial consequences for cities defunding the police. Defunding the police will put citizens and other officers in danger. I believe in working together for positive reform but defunding is not the correct approach. 

#txlege",False,1387813206740160521,1,0,0,0
RepEllzey,Rep. Jake Ellzey,1387805965693726725,1366523868253458437,en,1387805965693726725,2021-04-29T16:28:21.000Z,"I am continuing to fight for TEXAN'S 2nd Amendment rights by co-authoring HB 2622. This helps make Texas a 2nd-Amendment Sanctuary State. No state resources can be used to enforce federal firearms laws that are not also state laws. 

#txlege",False,1387805965693726725,1,0,0,0
RepEllzey,Rep. Jake Ellzey,1386045393943744513,1366523868253458437,qam,1386045393943744513,2021-04-24T19:52:28.000Z,@MidloMirror @WaxahachieNews @startelegram,False,1386045036047921153,0,0,0,0
RepEllzey,Rep. Jake Ellzey,1386045036047921153,1366523868253458437,en,1386045036047921153,2021-04-24T19:51:02.000Z,I‚Äôm committed to helping secure the border. Biden-Harris failing. Texas stepping up. I voted to fund $797 million for border security purposes at DPS &amp; 8 other state agencies. Border security funding supports DPS personnel at full deployment levels. #txlege #securetheborder,False,1386045036047921153,0,1,1,0
RepEllzey,Rep. Jake Ellzey,1385970676125732875,1366523868253458437,en,1385970676125732875,2021-04-24T14:55:33.000Z,RT @EllisCounty_TX: The SBA has announced that property damage and economic recovery loans are available to Ellis County businesses &amp; resid‚Ä¶,False,1385970676125732875,4,0,0,0
RepEllzey,Rep. Jake Ellzey,1385679612819107840,1366523868253458437,en,1385679612819107840,2021-04-23T19:38:59.000Z,"Pleased to support #TexasHouse budget. Passed unanimously. It is a  conservative budget. There is no Medicaid expansion. Supports school choice, charter schools. Keeps promises to students and teachers. Continues property tax relief #txlege",False,1385679612819107840,0,0,0,0
RepEllzey,Rep. Jake Ellzey,1385352309136248834,1366523868253458437,en,1385352309136248834,2021-04-22T21:58:23.000Z,"Approved this afternoon by the Texas House: I am proud to have co-authored a state budget amendment to further increase the very successful Alternatives to Abortion program by another $10 million each fiscal year. #txlege

https://t.co/fR24ZzXBKC https://t.co/fR24ZzXBKC",False,1385352309136248834,0,1,1,0
RepEllzey,Rep. Jake Ellzey,1382832454700916736,1366523868253458437,en,1382832454700916736,2021-04-15T23:05:23.000Z,RT @TXGOPCaucus: BREAKING: Texas House just passed the strongest Pro-2nd Amendment bill in the state's history. It will soon head to the Se‚Ä¶,False,1382832454700916736,14,0,0,0
RepEllzey,Rep. Jake Ellzey,1382832392025513992,1366523868253458437,en,1382832392025513992,2021-04-15T23:05:08.000Z,RT @TXGOPCaucus: The Texas House just passed the strongest pro-2nd amendment bill since the ratification of the Constitution. #txlege https‚Ä¶,False,1382832392025513992,23,0,0,0
RepEllzey,Rep. Jake Ellzey,1382401347031506945,1366523868253458437,en,1382401347031506945,2021-04-14T18:32:19.000Z,RT @TexasFLCA: So proud to celebrate all of our military families across Texas during #MonthoftheMilitaryChild ‚Äî and all year long. Watch t‚Ä¶,False,1382401347031506945,3,0,0,0
RepEllzey,Rep. Jake Ellzey,1379888792979521536,1366523868253458437,en,1379888792979521536,2021-04-07T20:08:19.000Z,"RT @TxDPS: Today, a hero was laid to rest.

Chad Walker was a devoted family man and a steadfast public servant who leaves behind an unwave‚Ä¶",False,1379888792979521536,98,0,0,0
RepEllzey,Rep. Jake Ellzey,1379886497055313931,1366523868253458437,en,1379886497055313931,2021-04-07T19:59:12.000Z,"Today, Speaker Phelan and my House colleagues held a press conference to roll out key priority health care bills providing greater transparency in medical billing, more free-market offerings for competitive health coverage, &amp; cut red tape that hinders Texans from accessing care. https://t.co/TFWBSjN8EZ",False,1379886497055313931,0,0,0,0
RepEllzey,Rep. Jake Ellzey,1378698453577039877,1366523868253458437,en,1378698453577039877,2021-04-04T13:18:20.000Z,"Happy Resurrection Sunday! Here's to a blessed time with your friends, family, and loved ones.",False,1378698453577039877,0,0,0,0
RepEllzey,Rep. Jake Ellzey,1377983128422264839,1366523868253458437,en,1377983128422264839,2021-04-02T13:55:54.000Z,Making it easier to vote. Harder to cheat. #txlege https://t.co/Hx085pyE06,False,1377983128422264839,2,0,0,0
RepEllzey,Rep. Jake Ellzey,1377799733528367109,1366523868253458437,en,1377799733528367109,2021-04-02T01:47:09.000Z,The Texas House took action today by passing the following bills. I was proud to Co-Author and Joint-Author these bills &amp; help lead in their passage - we are working diligently for all TEXANS. #txlege https://t.co/RJe7euHek8,False,1377799733528367109,1,0,0,0
RepEllzey,Rep. Jake Ellzey,1375898799000977412,1366523868253458437,en,1375898799000977412,2021-03-27T19:53:31.000Z,"A Texas DPS Trooper, Chad Walker, is in critical condition after being shot outside of Mexia. Please keep Trooper Walker and his family in your prayers.",False,1375898799000977412,1,1,1,1
RepEllzey,Rep. Jake Ellzey,1375866016790683651,1366523868253458437,en,1375866016790683651,2021-03-27T17:43:15.000Z,"RT @TxDPSCentral: DeArthur Pinson Jr. DOB 7/15/84 is currently wanted in connection to a shooting of a Texas DPS Trooper near Mexia, Texas.‚Ä¶",False,1375866016790683651,531,0,0,0
RepEllzey,Rep. Jake Ellzey,1369692912838184960,1366523868253458437,en,1369692912838184960,2021-03-10T16:53:32.000Z,Leading efforts to stop the high-speed rail project. see HB 3310 and HB 3311. Concerned with the use of taxpayer monies to subsidize the project and the project infringing on private property rights. #txlege see HB 3309 and HB 3312 by @codyfortexas https://t.co/CEHbgFlm9Q,False,1369692912838184960,1,0,0,1
RepEllzey,Rep. Jake Ellzey,1369367418716499968,1366523868253458437,en,1369367418716499968,2021-03-09T19:20:08.000Z,"Helping the Texas House lead the efforts to protect consumers, fortify our energy grid, improve communications, and lines of authority during extreme weather events like the historic winter storm we experienced. This can never happen again. #txlege https://t.co/w2c72GN1Oc",False,1369367418716499968,1,0,0,0
